score,ulasan
1,"Ini knp yaa, baru 1 hari berlangganan lancar nonton apapun, eh besok paginya udah gabisa. Disuruh berlangganan lagi. Kan jadi rugi, buat apa bayar kalo gtu."
1,Kok banyak error nya sih ? Sdh berlangganan tpi nggk bisa di aktifkan..
1,"APAAN INI?SAYA CUMAN BERLANGGANAN 1 BULAN DAN SUDAH BAYAR BULAN LALU,MASA SALDO SAYA MENGURANG HARI INI?KAN SAYA SUDAH BERHENTI BERLANGGANAN,BALIKIN SALDO SAYA!"
1,"Sekarang cara pembelian paketnya ribet , ga bisa pake pulsa ,"
1,Aplikasi babi
1,Mengecewakan pelanggan!!!
1,Sekarang apk vidio sering lelet ya Mohon di perbaiki
1,Kadang kalo nonton live ada tulisan aktifkan premier pas waktu nya habis tiba tiba gk bisa nonton live nya lagi
1,aplikasi berbayar... sangat tidak rekomended lebih baik uninstal jangan downlod
1,Aplikasi kacau nyedot pulsa doang
1,Karena live nya gak bis dilihat
1,Gw hbs berlangganan malah.gk bisa dipakai gunanya ap gw berlangganan klo gk bisa dipke?apk cacat
1,Gak bisa live
1,bosok gak bisa diputar
1,Kenapa kalau lihat saluran Net tv itu gak bisa ya mohon di konfirmasi
1,pembodohan
1,Sudah berlangganan tapi tidak menonton siaran. Sangat2 merugikan pelangganğŸ‘ğŸ‘ğŸ‘
1,"Sering putusÂ² gak stabil n harganya mahal pula, boleh mahal tapi kualitasnya harus mengikuti.."
1,"Aplikasi ga tau diri, Udah di paket Jaringan bagus,g bisa nonton bola ğŸ˜ ğŸ˜¡ğŸ˜¡"
1,Aplikasi paling jelek Jangan download nanti nyesel
1,Saya harus membayar dua kali untuk fitur yang sama (in-app purchase+operator seluler)
1,Banyak iklannya cacat
1,Kok loading bae sih bnrin dong??jwb
1,Kalo lagunya dipotong nda usah upload nda usah ikut di video ini tuk indosiar
1,Di update malah tambah jelek aplikasi nya.. ngelag terus.. tiba2 paketan di perpanjang otomatis lagi.. nyesel pokonya sih.. ditambah lagi banyak Chanel yg ga ada sekarang mah
1,Live patah patah
1,Aplikasi Gak jelas mau nonton tayangan ulang bola malah gk ada
1,"Mkin d update koq mkin jelek ngebug terus butuh perbaikan jd bikin kesel nontonnya patah"" gmbrny berhentilah pdhl suara jln terus"
1,Ga bisa nonton padahal dah bayar
1,Sudah berlangganan paket bola yg 1 tahun. Tapi sering eror dan tidak bisa di buka. Mendingan dulu pas masih di mola lancar jaya. Kecewa sudah berlangganan mahal2
1,"Aplikasi sudah di uninstall tapi tagihan berlangganan tetap otomatis,merugikan sekali,ini namanya pencurian"
1,kenapa tidak ada gtvnya
1,Berbayar semua
1,Ini gimana sih padahal udah bayar premier tpy gk bisa nonton
1,BOSOK MACETÂ²
1,Kenapa ga ada global RCTI/MNCTV/GTV
1,"apk gak guna, gak bisa di play padahal udah berlangganan"
1,Kok disuruh berlangganan platinum saat nonton live BRI lihat 1? Kan sudah ada iklan di aplikasi
1,"Siaran liga Inggris jelek Banget,siarab Terlalu lama LoadingğŸ˜¡ğŸ˜¡ğŸ˜¡ğŸ˜¡ğŸ˜¡ğŸ˜¡ğŸ˜¡ğŸ˜¡ğŸ˜¡ğŸ˜¡ğŸ˜¡ğŸ˜¡ğŸ˜¡ğŸ˜¡ğŸ˜¡ğŸ˜¡ğŸ˜¡ğŸ˜¡ğŸ˜¡ğŸ˜¡ğŸ˜¡ğŸ˜¡"
1,Apasi gk jls sinyal udah kenceng internet jg kenceng tp sering muter muter gk jls dri aplikasinya jdi terganggu buat nnton
1,"Sunggu sangat mengecewakan..saya mau perpanjang paket platimum..tapi gagal terus,&perbaiki dulu lah jaringannya..sering banget gak bisa dibuka paketannya..apalagi kalo mau nonton liga inggris..gak bisa diputar..sangat mengecewakan sekali..sangat menyesal saya berlangganan vidio"
1,Versi terbaru loading lama
1,"Gw ga suka iklan dari Vidio seperti open bo,scandal 2,pokoknya yang ada konten dewasa.Apalagi klu nontonnya di tv bareng keluarga,gimana?"
1,"Aplikasi nonton suka loading lama walaupun paket premium sekalipun. Gak seperti app lain seperti hostart lancar jaya. Ia pula melihat rating update 3,7 . Mungkin kenyamanan pemakai tidak terlalu penting ketimbang uang hasil pembayaran untuk paket premium dll. NYESEL berlangganan, auto UNINSTALL APK."
1,sudah bayar langganan paket diamond ttep saja suruh langganan lagi?? woii goblogggkkk aplikasi anjink....!!! sudah keluar duit gk bisa nnton live stream... taii...!!!
1,"Baru nyobain langganan, ternyata keluhan yg sama di baca baca penilaian rating."
1,Jelek banget
1,Bintang 1 dulu karena tidak bisa pilih kualitas video
1,"saya kasih bintang 1, kualitas jaringan buruk, selalu error disaat streaming, provider saya jaringan bagus, buka youtube 1080 lancar jaya, ini buka aplikasi video 1080 dikit dikit error, kecewa konsumen."
1,"Aplikasi aneh,baru mulai 3 detik udah gangguan"
1,"lambat sekali penanganannya, datang dong ke lokasi...ga bakalan berlangganan lagi"
1,udah bayar tapi gak bisa nonton. Hati hati
1,Udah langganan diamond tapi tiba tiba langganan hilang terus sekarang gak bisa nonton liga inggris. Aneh banget sia sia udah langganan
1,jelek
1,Sering error
1,Layar video hitam... Bayar mahal
1,"Kecewa sekali nonton bola lag parah, makin di updete bukannya malah bagus ini malah tambah mengecewakan"
1,Jelek amat
1,Sebelum diperbarui bagus-bagus aja setelah di perbarui jadi jelek banget apps-nya
1,Aplikasi kambing not rekomended
1,"Paket habis, giliran mau perpanjang mabual pilih paket ndak bisa bayar error mulu ket sudah langganan tapi di klik terus gak bisa2 apk jelek"
1,Aplikasi tolool
1,Aplikasi tai...sinyal sempurna dibut nonton cuma muter muter doang..anjink
1,Senang melihat orang susah kntl!
1,"Uninstall saja lah,, nonton bola udh mulai minta paket premium .. hahaha"
1,Aplikasinya kebanyakan loading padahal jaringan bagus.dan klaw putar video sering berhenti sendiri..
1,sy udh bayar tapi tidak aktif
1,Akhir2 ini susah buat nonton EPL juga NBA. Mohon solusinya dong. Sebagai pelanggan merasa DIRUGIKAN.
1,"Mohon diperbaiki sistem nya, paketan ada dan lancar tp kenapa pada saat nonton gambarnya patah patah, pakai wifi pun sama, dan sering kali buffering. Dulu sangat bagus aplikasi ini, sekarang mohon maaf kurang bagus bahkan buruk"
1,"Kata nya nonton gratis,padahal egak mau nonton kelanjutan flim yg kita sukai e.... Harus nonton premium yaela' gak bagus ni aplikasi JELEKKKKKKKKKKKKKKKKKKKKKKLKKKKKKKKKKKKKKKKKKKKKKKKKKKKKKKK"
1,Sekarang mah gk bisa beli paket primer pake pulsa gk jelas emang
1,udah berlangganan tapi paket premier ga aktif.
1,Versi baru video kok buruk saya melihat siaran rtv kok gak bisa di ulang lagi siarannya tolong diperbaiki developer dan nama saya farhan itu akun ayah saya
1,"Sudah lama berlangganan diamond,tp skrg streamingnya buruk sekali,patah2 terus,rugi sy kalo harus di lanjutkan jd langganan dengan kualitas rendah!!!"
1,"Aplikasi babi ngrugiin orang paket blm satu bulan udh angus dih amit"" mndg langgangan aplikasi lain komit sebulan y sebulan blm ada sebulan qo udh angus apa""n itu"
1,Udah beli pulsa cukup masih aja gak bisa aneh
1,"Tolong perbaiki masalahnya,"
1,Apk apaan buang buqnh duit gua udah berlangganan platinum ko gabisa dipake percuma nyesel
1,Burik kya kirik
1,"Sekarang kok ga bisa nonton bri liga 1 pdahal saya udah berlangganan, pas mau nonton prtandingannya malah videonya ga mau muter, terus layarnya cma berwarna hitam,,, saya udah berulang kali kirim laporan tpii msalahnya masih sama gitu"" aja, nonton video lain lancar, cma nonton bri liga 1 aja yng bermasalah, mohon perbaikan segera min"
1,"Saya sudah bayar berlangganan tapi di beranda masih harus membeli berlangganan, aplikasi apaan coba ini"
1,"Gak jelas, sering berhenti saat live, kudu beli paket berlangganan"
1,Tolong dong saya udah beli paket platinum tanggal 02 februari udah lunas tapi paket enggak masukÂ² malah keterangan gagal.. Saya pengen uang yang udah saya tf di refund kalau enggak juga di aktifkan paketnya
1,Sekalian aja adain film bokep biar rame bro yok bokep nya di adain Yo .. apk sampah
1,"Susah mau beli paket juga,, najis"
1,"Paket primer aktif,sinyal bagus,mau nonton persib gak bisa,perangkat tidak di dukung terus,,, teu ngarti"
1,"Nii aplikasi tiba2 men potong gopay aja, padahal udah bayar paketnya via pulsa telkomsel.."
1,"Makin sini makin lemot yahh, padahal jaringan biasaÂ² ajah kok selalu berhenti sendiri?"
1,sangat buruk
1,Sangat buruk masa harus beli premier
1,pembayaran menggunakan pulsa eror terus...bikin kecewa
1,Buruk setelah diupdate
1,"Hati hati buat kalian yg daftar langganan 32rb sebulan Jgn terkecoh, di layar jelas tertulis bs livestreaming liga 1 Faktanya hoax. Faktanya Liga 1 mode gelap yg terjadi Gak bs di buka sama sekali. Kapok"
1,Ini kenapa Bein sport streamingnya ngefrezz tapi suaranya lancar
1,Saya sudah berlangganan paket tapi ga bisa dipake nonton pertandingan. Ga jelas banget ini vidio
1,"Akhir-akhir ini mengapa vidio kacau? Padahal sampai Desember lancar saja. Apakah masih dalam perbaikan? Saya sudah berlangganan paket diamond khusus hp & tablet untuk 1 bulan, tetapi tidak bisa membuka champions tv dan bein sports, bulan depan coba paket diamond yang untuk semua perangkat, dan kalau masih kacau saya kecewa."
1,Nyendat
1,"Mau langgana aja susah bgt terjadi kesalajan terus"""
1,Kebanyakan iklan bget
1,Ini kenapa buat nonton patah2. Gak like banget
1,Apk apaan setelah apdate mkin burikk
1,Mau nonton LIGA INGGRIS aja susah bener....padahal sudah berlangganan...Tanggung JAWABNYa mana ini ADMIN/CS APK VIDIO......PERCUMA BAYAR BULANAN KALO TIDAK BISA DI MANFAATKAN...!!!!ğŸ‘ğŸ‘ğŸ‘
1,"Susah streaming premier league, padahal sudah bayar langganan!!"
1,Lama load
1,"sudah bayar tapi tidak bisa melihat premium, mohon bantuannya pihak vidio"
1,"Parah udah di updet malah ga bisa di putar , yg bisa di putar cuma yang gratisan aja, padahal udah beli paket 2 paket malah ga bisa di putar, kecewa sangat ."
1,"DIKIT"" SURUH BAYAR BERLANGGAN PREMIER ,. PADAHAL UDAH BNYAK IKLAN DI DALAM VIDIO ,."
1,"Saya tidak bisa memutar Vidio, saya sudah berlangganan dan koneksi jaringan saya bagus tapi tidak bisa nonton."
1,Kenapa yang vidio sekarang kalo nonton siaran ulang di smart tv pas bagian iklan biasanya cuma gelap beberapa menit trs mulai lanjut lg sinetronnya ke adegan berikutnya. Tapi skrg malah sllu balik lg ke awal sinetron mulai. Kenapa? Kenapa? Jadi gak seru bgt. Jd ga bisa nonton ulang ğŸ˜­ğŸ˜­ğŸ˜­ğŸ˜­ğŸ˜­ğŸ˜­ğŸ˜­ğŸ˜­ğŸ˜­ğŸ˜­
1,"Kenapa ko sekarang susah bgt langganan pulsa cukup, goggle play pdahal udah di update minta, mohon bantuannya"
1,"Aplikasih sampah, nonton paket piala dunia, pas final malah rusak."
1,Gk nyaman bgt sm apk vidio kadang2 bikin ngeleg dan loading lama bgt jd gk nyaman sm apk video ğŸ˜¡
1,Jangan Dowload nanti menyesal
1,APLIKASI GA JELAS!!!!!! LOADING MULU PADAHAL JARINGAN LANCAR
1,Jaringan bagus. tapi banyak patah
1,Kirain film durasi nya full semua ternyata cuma 6mnt 1 mnt 3mnt hahaha
1,"kurang memuaskan udah langganan diamond siaran bolanya gamuncul, kecewa banget."
1,Syebal update nomor HP error mulu dasarrrr menyebalkan.. katanya terverifikasi dasarrrr menyebalkan ni aplikasi
1,Lag ampas banget
1,"km dulu bagus lho,, knpa sekarang jadi jelek ??"
1,Setelah update malah ngelag ngelag
1,bug+iklan
1,Kenapa pas nonton kebanyakan loading nya bosen tau gak bisa lancar dikit dikit loading yang nonton males tau bikin bad mood aja nih aplikasi tolong ya di perbarui lagi biar gak loading terus padahal jangan udah bagus masih aja loading
1,versi baru sangat buruk berlangganan pake pulsa susah banget gak kaya dulu padahal sudah lama saya pake vidio ini malah makin buruk apk nya. tolong perbaiki.
1,Lagggggggggg
1,tolong resolusi film nya di hd in lagi dan color grading nya lebih hd
1,Apk pencuri saldo woy kok saldo ovo ku kepotong truss kan padahal cuma berlanggan 1Ã— masak habis 4jt dasar apk korupsi
1,Ini mau berlangganan paket epl kok g ada ya?? G ada pilihan nya?
1,"Maaf ga mau kasih bintang.... Sy dah beli diamond nonton liga inggris, tapi pas live ga muncul.... Kecewa bangeet sama aplikasi ini, sangat mengecewakan...."
1,"""Film2nya jaman nenek gw masih pacaran,dh gitu dibikin PRIMER,...ğŸ˜’(bayar) sekalian aje Film BONEKA si UNYIL dibikin PRIMER,...WOOIYY,...Mending Gue langganana NETFLIX kaleeees...!!""Ngentooot buka live tv,loAaaaadiiiiing,muterrrrrrr,muteeeer,ky orang nyasarrrrrrr....."
1,BARU KALI INI ADA APLIKASI DUNGI!!!!!!APLIKASI TERBODOH DAN BIKIN ORANG MUAK!!!!!!!! BAGI YG BLM DAFTAR PREMIUM MENDING TIDAK DAFTAR DRPD KECEWA. APLIKASI YANG MERUGIKAN ORANG!!!!!!!!!!
1,Sering buffering saat nnton live l
1,Aplikasi terbarunya jelek. Biasanya setiap hari ada tayangan vidio nonton duluan terbaru. Ini sekarang hanya tampilan yang lama lama aja. Yang beneran terbaru nd ada
1,"Aplikasi gajelas, udah diupdate makin buruk Sia-sia berlangganan!"
1,Iklan nya makin ksni makin parah ... Kecewa bgt
1,Banyak iklannyağŸ‘ğŸ‘
1,BELI PAKET PIALA DUNIA QATAR2022 TUK SEBULAN TAPI TAHUN 2023 MASIH MOTONG SALDO SHOPEE SAYA EMANG PIALA DUNIA SEPANJANG TAHUN...
1,Beli paket malh g jadi pdhl uang udah kepotong lol
1,"Masalahnya bnyk bnget nhi apk, 1. Iklan nya bikin greget setiap 15 menit an ada aja iklan ga BS di skip pula 30 detik, 2. Ini yang paling fatal sih menurut ku di pencarian gw belum pernah Nemu pencarian yang ga relevan kyak punya Vidio nhi smph si fatal bgt parah developer tolonggg astafirlah, 3. Di anime nya Adain genre atau list gitu jadi gampang cari anime belajar lah dari bstation. Fix pindah bli bli -_"
1,"Memang benar feporma vidio jelek,..kalo kaya gini truss.banyak lagi yang ngga suka dan ada kemungkinan ngga laku ni aplikasi"
1,"Aplikasi penipu ini gua udah beli paket melalui ovo, ternyata kode nya tidak bisa di tukar... Lenyap duit gua.... Kembali kan tontonan televisi ke rakyat tnp harus bayar yg akhirnya byk aplikasi penipu macam vidio ini"
1,Aplikasi gak bermutu video putus putus trus ngulang aja dari awal lagi nonton nya mending gua hapus aplikasi seperti ini buang buang memori aja
1,Jaringan lancar masa loading mulu videonya
1,Membingungkan
1,Apk nya gak enak masak 2 menit iklan 7x Udah gitu macet macet lagi
1,"aplikasi ga jls,"
1,Jelek
1,"Tidak memuaskan sama sekali aplikasinya,pembelian paketnya ribet"
1,Payah uda bayar paket tapi ga bisa di buka premier
1,Loadung lama bnyak bug perbaiki lagi
1,Gmn si setelah di up bukannya makin bagus malah jelek
1,Nonton paket premium aja Patah2 pake wifi 50mbps masih patah2..parah abis.. Dulu bagus sebelum piala Dunia..
1,Malah stuck di tampilan refresh terus..
1,Welehh.. instal ulang gak kelar2 loading.. kuota udah terpotong.. nyeselll EUY.. ribet
1,"Jelek aplikasinya, mahal juga kuotanya"
1,Pernah kritik di chat. Klo mau ramai tolong siarkan pertandingan NBA yg banyak fans nya dong. Eh Langsung di mute admin. Aneh mmg. Sejak saat itu saya berhenti berlangganan vidio !!! Dasar admin cacat alergi kritik. Gimana mau maju ???
1,"APLIKASI TERBURUK YANG PERNAH SAYA TEMUKAN!!! SAYA SUDAH MENDOWNLOAD BEBERAPA EPISODE DAN MEMAKAN SIZE YANG BANYAK, BISAÂ² NYA PAS SAYA MASUK AKUNNYA HILANG? SAYA MENCOBA LOGIN TAPI VIDEO YANG SUDAH DIDOWNLOAD HILANG BINTANG 1 LAH"
1,"Jaringan saya lancar, tapi kenapa saat saya memutar/menonton video/film sering lag banget kaya jaringan tidak setabil padahal jaringan saya sangat stabil."
1,"Loading lama, masa selalu eror di jaringan"
1,Jelek
1,Ngak bisa kebuka vidionya saya kecewa
1,Afk ga guna anjjjuter mulu padahal sinyal bagus
1,Kenapa udh langganan premium jga nnton msih lag lag macet kek gtu
1,"sudah berlanggan ke platinum , lhat flim terputuss .. padahalan aplikasi ini dlu gak seperti inii .. gak lncar kyk wetv dan lain*nyaa"
1,APLIKASI ANJINGGGGGGGGGGG JGN DOWNLOAD APLIKASI INI KALAU GK MAU NYESELL BABIIIIğŸ‘ºğŸ‘ºğŸ‘ºğŸ‘º
1,"Loading nya lama, pdhal sinyal baguss, mana udah beli premium, pokok nya kecewa"
1,"Parah lag teruss, padahal wifi bar nya full"
1,"Beli pake platinum 2 kali, tapi dua dunya gak bisa diklaim, udah terus terusan komplain jawaban nya itu itu mulu sampe dajjal keluar, udah sebulan lebih gada pertanggung jawaban sama sekaliğŸ¤£ğŸ˜‚ğŸ˜‚ğŸ˜‚udah kalah jauh kalian sama mola,RCTI+ dll, aneh nyaa permasalahan yang sama kaya saya udah banyak terjadi, tapi gada perbaikan sama sekaliğŸ˜‚ğŸ¤£ğŸ¤£ğŸ¤£ğŸ¤£ bobrok kalian,nyediain ig buat komplain gak guna banget sebulan lebih masih gt gt ajağŸ¤£ğŸ˜‚ğŸ¤£ğŸ¤£ğŸ¤£"
1,"No 1 terlaris tapi kualitas app nya ga kayak app no 1. Iklan super banyak dan film yg tayang di tv ga lengkap disini contohnya serial India di tv, yg tadinya harusnya full durasinya diapp ini tayangnya cuma di tengah2 dan ga selalu sampe akhir film dan setiap acara selalu tercampur videonya dengan acara lain, pantes app ini banyak komplainnya daripada pujiannya, cuma kualitas gambarnya aja yg bagus sisanya jelek banget"
1,Knp si harus bayar setiap nonton bola kesukaan saya padahal pengen liatğŸ¥º
1,"Sebelumnya lancar2 aja,,sekarang loadingnya lama banget,,padahal saya udah pake wifi"
1,"padahal paket platinum, tapi kok gak bisa streaming aneh"
1,Sangat buruk
1,Jelek elor
1,Mau nonton live streming bola ga bisa2..
1,"Saya sudah paketan primer tapi semua video film gak bisa diputar cuma ada warna hitam putih, udah gak kaya dulu lagi sekarang ribet eror"
1,Selalu muncul tebak game trs ga bisa nonton gratis ternyata
1,Leg mulu tiap nonton bola
1,Lagi streeming malah jadi gak ada...burik amat apk nya tolol...
1,ğŸ‘ğŸ‘
1,Apk gk jelas ampasss mending nongton di TV jadul ketimbang nongton di HP keren vidio burik gada taeek
1,SINYAL BAGUS APLIKASI NGELAG !!! KAGA GUNA LU
1,Celak bener kali
1,Serba berbayar tidak seperti dulu
1,Liga 1 gak bisa di tonton percuma gue download jufa
1,Buruk. Streaming patah patah
1,Buruk
1,Lemah...
1,Taik semua harus bayar gak usah download
1,"Dapet promo gold nonton gratis 30hari dari Smartfren karna ambil quota unlimited 12GB,Pas di buka branda lah trailer smw cuma durasi 6menit smw... Kalo kgk niat kasih promo mending jangan kasih Hak Bundling promo, kalah saing tar sama apk lain... Serius"
1,"maunya minta bintang 5 tapi apk nya buruk mau nonton harus beli paket,, di tambah saya liat2 di coment banyak yang kecewa ternyata bener apk nya sangat buruk pantes banget di uninstal"
1,Parah sihh episodeÂ² penting sllu ga bisa di putar padahal sudah bayar paket berlangganan
1,Kebanyakan judul flem yg tidak dapat di putar
1,Apaan mulai jeleek masak vitur game ku hilang entah kemana padahal yang laen ada semua cuma vitur games dibuka langsung hilang
1,"Film diputar ke pause dan mulai dari awal lagi, terus menerus"
1,Lambat dibuka
1,Sudah langganan tapi tidak tersedia paket sedangkan di gmail terbaca langganan
1,"Kebanyakan iklannya sama aja kaya nonton di tv, udah gt tayangan sinetron yg udah mau berakhir abis wktnya di pake utk iklan..."
1,Ksih bintang 1 dulu ya soalnya buram bnget pdhl bagus2 bnget filmny tp slah nya yai itu...buram
1,Gajelas kenapa sih kalau Nonton harus bayar gajelas banget
1,"Aplikasi unfaedah, nyampah d aplikasi lain"
1,Aplikasi nya gak bisa dipakai di HP Oppo sangat menyecewakan
1,"Bingung dah, Capek nyari film taunya gak sesuai paket. Kalau ada pilihan paket paling gak di list film mana yang bisa ditonton sesuai paket biar gak tebakan tebakan. Aplikasi paket apa aplikasi nonton film sih ? Mood ilang duluan karna capek nyari film sesuai paket! ~memberbaru"
1,Apk ga jelas
1,Videonya ga bisa berputar
1,kenapa setelah d update tampilan videonya nge lag ya? gak lancar
1,Belum dicoba
1,Pembayaran ribet
1,Sudah langganan primer malah tidak bisa konten EPL
1,Apk tolol film gak bermanfaat sekali cerita dewasa tentang cinta percuma bikin cerita dewasa tapi yang nonton anak kecil bikin generasi rusak
1,Selalu nyedat2
1,Aplikasi babi
1,"sama sekali tidak bekerja sama lagi dengan provider A..S, yang katanya bisa gratis platinum mobile."
1,"Heran deh nonton live streaming kok sering bgt patah2 klk pake wifi padahal wifinya kenceng, aplikasi lain aman aja, boros kuota kan jadinya"
1,"Aplikasi nya buruk bngt terlalu banyak iklan,, apalagi klo koneksi internet agk buruk,, filmnya ngulang lagi dari awal. Terus tiap nonton mau selesai suruh beli paket apaan dah,, intinya kecewa banget sm apk ini. Kukira bagus ternyata burukğŸ¥²ğŸ˜­"
1,"Knpa paket yg 1bulan ga bsa dipake.?? Udah aku instal trs download lg tp msih ttep sama aja ga bsa. Tlng solusinya dong, aplikasi lain ga seribet ini klo mau dftar paket ataupun prpanjang paket"
1,Untuk siaran tv di digital tv suasta di palembang kab muara enim ngk ada sinyal untuk emtek indosiar mentari tv sctv moji tv pdahal bnyk yg nnton acara emtek krna bnyk penonton dr prabumulih mohon perkuat sinyal tv digital ny
1,Aplikasi g jelas Uda kita beli paket tapi g bisa nonton
1,"filmnya ga lengkap, sekali nyari yg keluar video upload dari user"
1,"Nanya tiket kog, di blok... Admin payah ğŸ‘"
1,Admin sampah haha
1,Tolong di perbaiki yah saya sudah berlangganan tapi ketika mau bayar eror eror terus
1,Kenapa sy ga bisa daftar paket platinum
1,"Gak perlu di download, materinya hanya bisnis aja"
1,Mau beli paket platinum tapi eror terus.. payah.. padahal pulsa ada Rp 34000.. sangat mengecewakan
1,Satu dulu
1,"Video buffering,diputar patah patah ,gak.lancar"
1,"sangat sangat kecewa app ny,masa udh di unduh tiba"" hilang,bukan sedikit kuota yang dipake buat unduh nya dasar app busuk"
1,Saya sudah berlangganan paket diamond epl + platinum yg khusus hp baru tanggal 4 kemaren lah kok kemaren malem mau nonton liga inggris ga bisa ? Gimana ko bsa bgtu tolong jawab saya sudh berlangganan tp blm lama tp skrg dh ga bsa nonton liga inggris pdhl baru aja kmrn berlangganan !!!!
1,Selalu keluar Mulu Vidio nya
1,"Apk ini jelek Karena berbayar, kalo gratis nanti bintang 5"
1,Kenapa sih kadang putar video nya delay dan terhenti. Video dan suara gak sinkron. Padahal premium
1,Sering patah-patah.loading nya lama saat live bola.mengecewakan.
1,"Ini kenapa ya padahal sudah tidak ingin berlangganan, tetapi koq masih ada ja ya pemotongan di shopipay saya ini , bagaimana ini saya merasa dirugikan padahal saya ingin berhenti tetapi selalu ada pemotongan , apk apa ini"
1,"Banyak iklan, tiba tiba berhenti memutar di saat lagi nonton"
1,"Kecewa bangat...!! Film tiba-tiba tidak bisa diputar untuk episode berikutnya, tanpa ada penjelasan.."
1,"Game bola fantasy, sering setelah pertandingan tiba2 hasilnya dibatalkan, udah susah patah nyusun tim, tiba-tiba selesai pertandingan kuis dibatalkan"
1,Kenapa setelah update jadi patah patah ya pas lagi streaming.
1,"parah aplikasi milenial jaman now yg miskin kreatifitas dan berjiwa teroris serta sangat tidak berbobot film filmnya bikin ngakak parah!!!"" penuh cerita yg tidak masuk akal yg berisi sindiran/hinaan kepada individu yg dibenci karna tidak berpunya kedua orangtua sang aplikasi membuat film film fitnah penuh ujaran kebencian disebabkan lulus kuliah karna nyontek alias nyolong(maling) jawaban. AYO DONG! kaum milenial dibidang seni membuat acara hiburan lebih kreatif lagi tanpa menyontek/menjatuhkan."
1,Kenapa gak bisa buka yaa
1,Meresahkan
1,"padahal udah beli paket primer tapi tetap gak bisa di pakek paket primernya,tolong dong di perbaiki"
1,Dimana saya mau melanjutkan nonton episode berikutnya ehhh malah menghilang dengan alasan tidak di temukan ..
1,Apl gak guna
1,Beli paket ribet
1,Aplikasi dodong . Terlalu banyak iklan
1,Aplikasi gak jelas nonton bola harus bayar 32.000rb gak kasihan sama yang belum bayar masa gitu aja bayar
1,"Aplikasi bego bat dah, sudah transfer by gopay, paket yang 59.000 plus ppn jadi 65.490, di email gopay sudah berkurang di google play juga ada struk pembelian, tapi di akun vidio masih gak ada langganan, buang buang waktu, ga guna banget nih aplikasi"
1,ğŸ’©ğŸ’©ğŸ’©ğŸ’©ğŸ‘ğŸ‘ğŸ‘ğŸ‘Mau membeli paket platinum dengan harga Rp 29000 Tidak bisa melakukan transaksi Padahal pulsa Rp33.000 Jelas pembayaran sebesar Rp 32.750 Memang apk penyedot pulsa mengambil pusa lebih dr ppn yg ditentukan Apk gak benar Karena pernah saya membeli yg seharusnya tetal dgn ppnnya sebsar 79rb tp kemudian tersedot bisa sampai 100an ribu oleh vidio Apk gak benarğŸ‘ğŸ‘ğŸ‘ğŸ‘ğŸ’©ğŸ’©ğŸ’©ğŸ’©ğŸ’©
1,Up
1,Tidak memuaskan ğŸ™
1,Button susah di pencet
1,Kebanyakan iklan nggk jls
1,Pas komentator lancar jaya waktu pas main bolanya gambar hilang cuma ada suara..kyk denger radio..auto uninstall
1,Sinyal 4G tapi loading terus aplikasi nya
1,Kurang lengkap
1,"Jangan juga kelewatan pasang iklan, ke banyakan iklan"
1,Serasa nonton iklan bukan nonton film yg ingin kita tonton.dah lh mending UNINSTALL aja nih apk GC jelas.
1,Aneh saya sudah bayar tapi nggak masuk'
1,Super loding banget. pakek wifi juga tetep. Udah berlangganan juga tetep gak bisa nonton. ğŸ˜¡ğŸ˜¡
1,Lemot parah ini aplikasi... Ga jalan sama sekali... Padahal sebelumnya ud bagus... Saya coba install ulang malah sama sekali ga bisa login... Dari tadi jam 7 pagi sampe jam 11 dicoba berulang2 ga bisa2... Mohon diperbaiki... Saya mau selesai in nonton para pencari Tuhan... Mana ga ada di aplikasi lain...
1,Yng bner dong
1,Aplikasi baik untuk di uninstall baru liat aja iklan nya 5 baru 3 detik liat video udah ada iklan nya pasti yg download ini nyesel aplikasi ga berguna apaan siapa sih yg bikin ğŸ—¿
1,Sangat menyebalkan aplikasinya
1,"gangguan nih,,, haduh"
1,Sampah gausah di intall
1,"Sekarang kok patah patah, gak kaya dulu"
1,Paraaah
1,Aneh saya udalah langganan masih aja di minta langganan
1,Gwe udah bayar pake livin tapi kodenya ga bisa di pake ASUUUU TOLONG JANGAN DOWNLOAD VIDIO APK ASUUU
1,"Benerin dong masa udah berlangganan sering eror trus ,, bela belain beli biar bisa nonton premier league dan lain nya masih aja sering eror Gak gratis loh kalo gratis ya gak apa apa mau eror tiap hari juga ini kan bayar"
1,"Patah"" terus setiap mau nonton bola liga 1 kualitas nya jelek!!"
1,"nonton bola sering lag, komentator nya aja lancar vidio nya diem, kaya radio"
1,Aplikasi gak jelas
1,"beli paket platinum,sisa nya iklan...g bsa nntn live hadehh"
1,Aplikasi nya setiap mau nonton selalu di potong dan iklan nya tuh buanyak
1,"Padahal pake WiFi bisa gagal masuk, sering buffering, sering eror"
1,"Pas Nonton Lag Mulu Kenapa Sih Padahal Jaringgan Bagus Tapi Lag Mulu Males Dah Sama Apk Nyaaa Buang Buang Waktu Lag Mulu,,,,Iklan Nya Lagi Banyakkkk."
1,Satu dulu baru coba soalnya
1,"Katanya promo pas mau beli harga sama, blok"
1,Jellek
1,"Dikira cuma punya saya yg macet2an, ternyata dari app nya ğŸ™"
1,Aplikasi jelek ğŸ˜­ğŸ˜­ğŸ˜­ğŸ˜­ğŸ˜­semenjak download aplikasi ini hp gw sering ngefrem padahal tadi nya lancar lancar aja main ml lancar semuanya lancar tapi kenapa semua aplikasi gw tidak menanggapi kayak nya ini banyak virusnya keselğŸ˜ 
1,Kenapa sekarang bayar yg berlangganan gak bisa pake pulsa???
1,Aplikasi video iklannya kek sampah banyak bnr. Dikit dikit iklan. Itumh bukan nonton video tapi nonton iklan aja
1,"sering loading padahal paketan banyak sinyal lancar, lebih bagus yang dulu"
1,Parah sih
1,iklan super duper buanyak akhirnya uninstall aja ....
1,"SANGAT SANGAT MENYESAL download APLIKASI INI = ASLI 1000 persen BOHONG , anda jangan mau d GOBLOKIN oleh APLIKASI INI . sudah cukup saya aja yg terakhir TITIK"
1,"sangat buruk , nonton di video terulang ulang terus ,kembali ke awal trs ,bnyk iklan nya"
1,"komentarnya saja pada negatif, aplikasi ampas. saya sudah download video kemaren dan sekarang malah hilang. dan harus download ulang atau nonton dengan data. sedangkan nonton dengan data banyak loadingnya banyak iklannya."
1,Parah banget dah. Aplikasi gk jelas. Nonton film baru 1 menit. Iklannya sampe 10 kali ğŸ˜­.
1,"Di awal saya kira kuota saya yg abis. Udh isi paket full loadiiinggggg , pake wifi loadinggggg juga, sumpa nntn 1 film doang kaga kelar kelar seharian jadi keselll emosii , udh mah pertama nyoba malah bikin kapok.."
1,Aplikasi streaming legal terburuk! Langganan Premium kog masih disajikan iklan? ğŸ˜‘
1,"Suka ada di iklan tapi kualitas rendah bangett mau update lama,pas nonton jga muter terus haduhh"
1,aplikasi sampag!!!!!
1,"Trabaik skli ğŸ¤£ Coba filem"" nya tuu tambah perpanjang Jagan hanya setengahÂ²gitu"
1,ğŸ‘ğŸ‘ğŸ‘ğŸ‘ğŸ‘ğŸ‘ğŸ‘ğŸ‘ğŸ‘ğŸ‘
1,INI APLIKASI PARAH BANGET.. SAYA UNINSTAL LAGI..KARENA IKLAN NYA SAMA SEPERTI NONTON TELEVISI... DI AWAL IKLAN.. DI TENGAH2 IKLAN.. PANTAS RATING ANJLOK.. TERLALU SERAKAH.
1,udh beli paket buat nonton bola malah gk bisa nonton live.. percuma bgt sih
1,"Buruk, bad sistem, tidak bisa memutar video, selalu loading terus , jaringan amat, sudah wifi maupun data seluler. Namun tetap saja ketika pas klik video hanya layar hitam dan loading."
1,Uninstall
1,Iklan doang
1,Aplikasi yg sangat tidak bagus ğŸ‘
1,Aneh udah bayar laganan platinum tadi malam jadi sekarang tauÂ²gak jadi aneh...
1,jelek cuma bisa nonton fillm indonesia doang fillm luar negri ga ada ğŸ–•ğŸ‘ğŸ‘ğŸ‘ğŸ‘ğŸ‘ğŸ‘
1,"Aplikasi ampas, jgn di download. Nyesal kayak saya. Saya berlangganan 1 bulan 32.000. Trus saya download 30 an film dari aplikasi vidio, buat nonton ntar kalo gak ada internet. Tetapi baru 3 hari setelah download , semua film yg telah di download hilang. Padahal kuota udah banyak habis dan sudah berlangganan ber bayar 32.000 per bulan. APLIKASI PAYAH."
1,"Install aplikasi ini cuma untuk nonton warkop DKI, pas diputer cuma beberapa menit ternyata harus berlangganan. Auto uninstall lagiğŸ˜"
1,Tulisan translatenya kecil banget pas nonton film
1,Gambar patah patah parahhv
1,Tolong dong aplikasinya di update jangan malah makin lemot padahal internet lancar
1,"saya sudah berlangganan, dan punya kuota khusus vidio, tapi kenapa kuota vidio gak bisa dipake? Kuota utama malah kesedot sampe habis, dan tersisa kuota vidio yang gak bisa dipake.. Kenapa?????"
1,"loading video terlalu lama , padahal untuk buka YouTube 1080 sangat cepat dan lancar"
1,"Tidak sesuai apa yg di promokan, jangan dowikl gmw nyesel. Bilang nonton film, eh durasix cuma 6 menit. Auto uninstall"
1,"aplikasi ini bagus, tapi sayang Selalu ada keterangan eror dan tidak ada sinyal, tolong diperbaiki lebih lanjut"
1,Payah
1,Developer tolong banget tambahkan histori tonton supaya yang nonton nya belum selesai bisa nonton lewat histori
1,"Ketika saya beli paket berlangganan, dapt 1 hari lancar setelah hari kedua. Paket saya hilang dan tidak ada di status profil saat di cek, mohon maaf tolong di perbaiki karena kami sudah bayar, dan jangan merugikan orang lain. Tolong di perbaiki"
1,Jelek
1,Layanana premium model apa kaya gini iklan bertebaran percuma pake layanan premium
1,Harusnya bintang 5 tapi karena ga bisa nonton f1 lagi jd kecewa
1,Udah bayar mahal mahal server gajelas berhenti sendiri.
1,Pembelian paket jadi mahal
1,paadahal sudah langganN di premium tapi di yg vipp gak bisa di bukA
1,aplikasi busuk
1,"Sudah Bayar Paket PREMIUM, Nonton VIDEO sering MacetÂ²an & Loading Lama. Terus Tontonan Video Tidak Pernah di Update Yang BaruÂ² Masih Saja Video Yg LamaÂ².... TOLONG DI PERBAIKI....."
1,Bego nggk bisa di tonton pake WiFi
1,"film sangat sedikit sekalii!! yg luar maupun dalam negri.. aku sudah coba berlangganan, platinum, premier, dll tetep saja sedikit banget tuh filmnyaa, kalah sama situs film bajakan... huuuu maluu!!!"
1,"Katanya gratis kalo cuma nonton liga 1 pas baca di artikelnya, giliran udh instal harus berlangganan, gimana ini konsepnya?"
1,"Dapet notifikasi promo potongan diklik bukannya dapet potongan malah jadi lebih mahal, aneh"
1,"Aplikasi lawas wkwkwkkwk org mau nonton bola masa mau berlangganan,pdhal bola liga 1"
1,Sering ngelag dan blank.
1,"Yaelah film apaan nih, mana movie film bioskop nya , orang pen nonton movie bioskop bukan drama drama ajg Jangan download dah"
1,Menyedihkan
1,Senang foto hiburan yang hot
1,Maaf saya mau jujur. Saya download apk ini demi nyari 1 video yg ngk ada diyoutube. Malah sama aja ngk ada diaplilasi ini juga. Yang ada iklannnnnn. Pas nyari video apa yg muncul lain juga. Hmm
1,"Nyesel pakai ini apk. , sering error saat pembayaran langganan... pulsa ready banyak tapi tidak bisa untuk mengaktifkan langganan. TOLONG DI PERBAIKI SISTEMNYA"
1,banyak iklan
1,Mau bayar ribet pol oper sana sini auto uninstall
1,Sungguh berguna sekali ğŸ™‚
1,TOLONG JANGAN BER BAYA CONTOH LUHAH LIGA INDONESIA HARUS BERBAYAR MAF KALO NONTON TV BOLA GAK BER BAYAR SAYA KASI BINTANG ğŸŒŸğŸŒŸğŸŒŸğŸŒŸğŸŒŸ
1,Apk boot semua apalagi kalau mau menonton bola harus beli paket untung saya baca komen komen orang ternyata yang sudah berlangganan premium pun banyak yang mengeluh.sabgat tidak recommended.saran saya jangan download apk Vidio teman teman
1,"percuma berlangganan, streaming bermasalah terus, gini amat nyari duit, bad quality"
1,"Patah"""
1,"Sudah saya kirim feed back. Tidak bisa play. Smua video gak jalan Padahal sudah update juga saldo udah kepotong langganan. Tidak ada penyelesaian, hanya balas balasan email. Trus apa tujuannya. Tidak paham. Tidak ada perubahan. Bahkan sudah un install lalu install ulang, pakai wifi, coba paket internet beda provider, coba ganti gadget, semua tidak bisa. Sebetulnya ini bagaimana. Padahal langganan premium All your video can not be played."
1,Aplikasi jembotttt
1,Rw aseztrdeh
1,"saya kenapa susah login ya di hp? sedangkan login di laptop bisa, mohon bantuannya"
1,Bad service
1,Utk siaran tv lokalnya gak bersih klo disambungkan di tv
1,"Ni benerÂ² bikin emosi kko nnton live booming terus, padahal jaringan WiFi nya bagus tpi kko setiap nnton live disini booming terus, lelet lemot mogaÂ² turun ranting nih aplikasi, sia sia download aplikasi begini"
1,Iklan nya banyak bener
1,Udh nyoba cuma gajelas aplikasinya
1,Banyak iklan apk nya.
1,"Pantesan ratingnya rendah. Anime ataupun film yang di youtube maupun ditempat lain gratis, disini malah disuruh bayar"
1,Reconect mulai dari awal lagi iklan lagi di percepat iklan lagii
1,"Loh, ini gimana sih udah berlangganan kok ttp gabisa nonton konten premiere platinum?"
1,"Kualitas vidio 720p nya burik min tolong di perbaiki, nontong di youtube dgn kualitas yg sama 720p jerni kenapa di video burik min."
1,apk sampah
1,Lemot banget
1,Bisa gak kalau buffering videonya jangan diulang dari awal
1,"Kebanyakan iklan,trs boros kuota padahal 220 p.next update di perbaiki.1 dulu"
1,Saya udah berlangganan platinum tapi nonton timnas matchday kok harus berbayar berlangganan lagi sih????
1,"layar hitam saat nonton nyesel beli paketnya, saran untuk semuanya mending nonton di tempat ilegal aja"
1,Lag
1,"Aplikasi ga guna masa nonton timnas indonesia doang,harus berlanggaan premium ğŸ˜¡ğŸ˜¡ !!!!!"
1,Dasar mafia apa apa bayar blog
1,Pertandingan uji coba timnas u 20 aja harus premium hadehh min min itu turnamen uji coba doang lo masa premium
1,"Belom apa"" sudah macet harus beli vocher dulu ğŸ¤¦ğŸ¤¦"
1,Buruk
1,Aplikasi paling burung yg pernah saya download.ga kaya RCTI+
1,Aplikasi berbayar mending buat netflix aja
1,Lemot
1,"Olahraga jangan dijadikan bisnis, sperti menonton bola harus berlangganan itu sangat curang dan merugikan."
1,"Banyak buffering, abis buffering udah nonton tengah2 balik lagi ke awal, jd pusing nonton nya gak beres2 1 episode doank"
1,"Bayar aja semua, nonton bola timnas sendiri aja bayar besa bgt sama plaform sebelah"
1,Bosok
1,555sz
1,aplikasi sampah saya ingin menonton ulangan full match timnas u20 vs fiji masa harus membeli paket padahal saya cuma mau menonton ulangan saja biasanya gratis! Dasar aplikasi KAPITALIS
1,aplikasi lemott
1,Kalo bukan karna Liga 1 ogah gw pake apk vidio..
1,"Aplikasi paling jelek, gk bisa mengetik dipencarian"
1,Setelah di diperbaharui makin jelek. Baru tdk bisa lg ganti kualitas gambar x
1,Pantasan pasang iklan ditv aplikasi lemot bayar nonton #tidakusahdidowlod
1,Loading parah sinyal nya lemot banget
1,Sekarang kog jadi lemot ya... Padahal sdh berbayarğŸ¤¨
1,"kenapa,ada apa dengan vidio.kok sekarang banyak yang cuma loading aja.kami mau nonton siaran/film,bukan nonton logo V muter-muter di tengah layar.Tolong segera di perbaiki"
1,Ga ada serial tv Global Tv? Miskin amatt
1,"Sangat parahhhhh, aku udah beli paketan setahun tapi setelah paketan udah 4 bulan paketannya udah gak berlaku.. padahal aku beli hampir ,300an lohhh.. sakit hati bangetğŸ™ğŸ™ğŸ™ğŸ™"
1,"Saya udah beli voucher platinum,knp masih dilakukan pemotongan saldo shopeepay buat paket platinum lagi. Terus paket gua jadi 2bln,buat apa?? Buruk banget nyari untungnya"
1,Tidak banyak duwit untuk nonton vidio
1,we gue mau nonton makanya gak ada we vidio yang gue cari
1,Jelek banget aplikasinya ngeselinnnnnnnnnnğŸ˜ğŸ˜¡ğŸ‘¿
1,Aplikasi penipu
1,"Iklannya mengganggu sekali.... Saat video mulai ada muncul kotak iklan dan kalau mau menghilangkan nya harus tekan tanda silang yang kecil banget, kalau ga ketekan tanda silangnya bisa ketekan iklannya dan kalau kembali muncul lagi dan lagi iklannya...saya nonton highlight sepakbola iklannya sdh byk tayang....seharusnya iklan ga usah juga di tayangkan pada saat nonton highlight gtu...."
1,"Recomended sekali aplikasi ini.. Nomer 1, Bintang 1, gak ada duanya, Yuk didownload , untuk kalian yang ingin merasakan sensasi emosi yang luar biasa.."
1,Ga guna apk bayar
1,Harga berlangganan naik terus. Dimanfaatin sekali saat siaran sepak bola tidak live di TV
1,Jangan sekali beli atau berlangganan..bagi orang yang ber ekonomi seperti saya ..tidak ada manfaatnya dan banyak bikin kecewanya
1,Terlalu bnyk iklan dan sering buffring pdhl minta update sering tolong tingkatkan lg gmna nih aku kan pengemar setia vidio
1,Kenapa nih kok ngebug kaga bisa dibuka padahal buka apk lain bisa... developeer tlong prbaiki
1,"Makin lemot apk Vidio ,,paraaah abiiis"
1,"Parah banyak buferingnya, mahal mahal beli paketnya ternyata jelek aplikasi ini"
1,Lama sekali loading nya
1,"Wifi Full jaringan, data seluler full jaringan kok ga bisa buat nontonğŸ™‚ sekarang di tambah apaÂ² harus premiumğŸ¤£ğŸ¤£ğŸ¤£"
1,Gak ada cars 1
1,ini aplikasi kebanyakan loading njir jaringan jelek sedikit langsung ilang siaran bodoh
1,Udah langganan ..flim nya flim lama semua ...nyesal banget langganan di sini..tidak seperti mola tv
1,Kontes fantasy game tiba2 dibatalkan Udah susah buat persiapan malah dibatalkan Mending ga usah diadakan kontes saja
1,"Woy kenapa gx bisa nonton chelsea lawan southamton,, Gx jelas ini ma"
1,Gk guna
1,"Sudah beli paket platinum masa ada panduan beli paket platinum berlangganan lagi, buka film tidak bisa harus beli/berlangganan platinum, padahal kan sudah berlangganan sampai bulan depan. Banyak iklan segala ngga jelas aplikasi vidio, masa baru 1 hari beli paket platinum sudah tidak dapat nonton & harus beli platinum segala macam, aplikasi penipu."
1,Udah di update buat nonton bola videonya tetep patah2. Suruh laporin kendalanya tp udh dilaporin tetep aja ngga ada pengaruhnya.
1,Payah gays
1,"Aplikasi ga jls,,,,,"
1,"Terlalu bnyak iklan yg muncul .. iklan di awal pas buka sih gpp .. udh nonton tv lama tiba"" muncul iklan by aplikasi bkn by channel .. iklannya jga gk nanggung"" ad 9 .. ya kali nungguin 9 iklan tayang smua .. keburu slesai siarannya .."
1,Saya ga ikutan langganan malah saldo gopay saya ke potong terus. Ga ada konfirmasi nya
1,Lemot banget sekarang padahal jaringan internet aman. Mau di hp sama di tv sama aja.. Sebelum2nya nonton film ga ada buffer sama sekali. Sekalinya buffer bukan lanjutin film nya malah ulang dari awal..
1,"Saya kasih tau yah. Ini aplikasi asli parah. Udah beli paket lama masuk. Gak otomatis di sistem. Beli paket 30 hari , tapi cuma di kasih cuma 20 hari aja. Asli parah ini aplikasi. Gila parah. Gak kaya aplikasi lain disney hotsar, neflix , palingan apa balasanya dari komentar saya ini. Palingan di bilang segera hub email kami send feed back itu aja terus sampai botak."
1,"Main fantasy team dibatalkan mulu, hadiah poin vidio jg berkurang"
1,Kepada pihak Video. Tolong gk usah iklan di tv apalagi yg di iklan kn nya itu filmÂ² berbau sex. Sudah hancur generasi ini melihat tontonan yang tidak layak di lihat. AnakÂ²yg masih di bawah 20 thnan sudah dengan mudah mengakses film yg tidak pantas seperti film terbarunya zg open b*!!! Semoga di baca pihak video!!
1,"Mau nonton siaran ulang aja tiba-tiba macet..padalan udah pake data / wifi sama aja..minusnya banyak sekarang, pantesan dapet rating jelek, hadeh."
1,Mau download film susah
1,Gak bisa di download
1,udah apl ni boros kuota kebanyakan iklan
1,"Makin ngaco, akun saya sudah berlangganan premiere untuk 1 bulan tapi ketika sedang nonton film selalu muncul notofikasi untuk membeli paket premiere, kecewa"
1,Aplikasi bangkek masa udah beli peket sebulan gk bisa nonton Baru sehari udah suruh beli paket lagi.
1,cape2 download banyak eps tiba2 besoknya ilang semua ga jelas
1,"Aplikasi gajelas bangettttttttttttttttttttttttttttttttttttttttttttttttttttttttttttttttttttttttttt, mending jangan download aja dah."
1,"Byk iklan dan mesti keluar"" sendiri buka aplikkasi lama"
1,Jelek buram tidak stabil masak mau nonton harus isi paket dulu sih
1,W udh bayar langganan w bulan baru 1 kali nonton bola masa d suruh langganan lgi
1,Ayolah jangan premium
1,"Percuma beli langganan 65rb, mau nonton aja muter terus. Kuota masih ada, udh ganti pake wifi tetep aja muter"
1,"Bnyak iklan,,"
1,"Udah nonton iklan 5 menit ujung-ujungnya disuruh langganan platinum, kalau tahu gitu ngapain orang disuruh nonton iklan dulu? Dasar PENIPU!"
1,Sering gangguan !!
1,Udah beli paket platinum malah gabisa nonton semuaa kocak
1,Eror anying ijo doang sama suara
1,Ni gimna ya sya dah berlangganan ko ga bisa nonton yang lgi live.sperti nonton bola ga bisa. Padahal sya dah di paketin internet sama berlangganan. Tpi ga bisa nonton yg lgi live. Seperti nonton bola ga bisa di tonton. Percuma dong berlangganan.. Kurang memuaskan.
1,Padahal sudah berlangganan yang satu tahun. Tapi kualitas kaya gini. Makin menurun. Mending di mola dulu lancar terus
1,ğŸ˜ğŸ˜‘ğŸ˜‰ğŸ˜ŒğŸ˜ŠğŸ˜†ğŸ˜…ğŸ˜‚ğŸ˜—
1,"Di putar menggunakan komputer gambarnya patahÂ² padahal jaringan bagus banget, aplikasi ampasğŸ¤£"
1,Awalnya bisa. Pas langganan premium malah video nya patah2. Terus keluar sendiri dari aplikasi dan gabisa masuk stuck di gambar depan. Huuffhh
1,"Baru mau nonton series yg viral, video nya berenti tapi audio nya jalan aneh masa harus di mundurin 10 detik tapi abis itu tetep sama ah payah ğŸ‘ğŸ‘ğŸ‘"
1,"Parah sih, buat daftar aja minta ampun susahnya. Nuggu OTP lamanya minta ampun, berulang ulang di coba nggak datang2 OTPnya. ğŸ‘"
1,mau nonton aja bola aja harus mbayar koneksi buruk lagi.udah ngeluarin kuota juga hah...mending nonton liga arab aja di aolikasi rcti....tingal donlod gak ribet kayak aplikasi ini...
1,udah bayar tapi lemot ğŸ‘
1,"mau nonton timnas aja, harus pake bayar (berlangganan) dulu.. lebih bagusan aplikasi RCTI+, yg kalo ada pertandingan timnas gratis streaming TANPA BAYAR"
1,"Anj.. Gw udah langganan disuruh langganan lagi maksdnya apaan?? Gw udh langganan belom habis masanya.. Eh tau"" suruh langganan lagi mana baru pake nontn 1x coba. Email sama tapi pas masuk gada akun beli prem padhl udh beli gw anj!!"
1,Pea bet da ah udah berlangganan ga bisa di pake
1,Parah bnget nntn timnas aj gk bisa
1,Vidio tolol nonton uji coba timnas saja harus bayar..
1,Mohon maaf saya kasih 1 bintang soal ny pas mau nonton bola masak harus beli paket primeum udh gitu harga ny mahal
1,Jelek
1,Sudah beelangganan tapi tetap tidak bisa di tonton primier league.. Sampah lah..
1,Pelit... aplikasi sebelah bisa kasih free untuk tayangan live timnas Indonesia. Kenapa di sini ga bisa? Ayolah vidio di mana nasionalisme kamu. Kasih free buat timnas. ItungÂ² buat CSR
1,sangat buruk
1,parah asu ...ancur vidio sekarang..jaringan bagus wifi bagus tapi tetap bufering terus. saya udah beli vocer cuma2 kalo ga bisa di puter ... perbaiki pagi dong jangan mau untung aja wahai para orang2 sok pintar
1,Parah. Uninstal jalan ninjaku
1,Buruk sekali. Live tv aja harus bayar. Mending cennel sebelah
1,"Makin kesini makin jelek,error' mulu.apalagi kalo lagi nntn bola"
1,"Apk lawak, beli paket ini itu percuma nglag parah thai"
1,gw cari Veer Zaara malah g adağŸ˜’
1,"Ga bagus, lemot. Pdhal Udah langganan. Lagi nonton malah error terus mesti d reload."
1,Udh beli paket masih ada iklah gila kali ini apikasi
1,Untuk negara sendiri aja suruh bayar bulanan menyusahkan aturan jangan di tarif untuj televisi indonesia saat mau liat bola timnas jadi susah suruh bayar bulanan dulu harus banyak di benahi lagi jangan di buat ajang bisnis
1,Kacau udh bli paket malah ga bisaa. Di otak2atik Kburu abis pertandingan nyaa dodol
1,"Mau nonton tim nasional sendiri ja suruh bayar, gimna mau dukung tim nas, mudah2 tim nas ga tayang di indosiar, lebih baik di RCTI mmc masih bisa nonton secara free"
1,Aplikasi lambat
1,Aplikasi buruk percuma sponsor liga inggris juga masih ada link nonton gratissss
1,"bayar,ga kae rcti+ gratis nyesel instalnya"
1,KENAPA G BISA AJG DIPENCET PLAY NYA PDHL SINYAL BAGUSS UD LANGGANAN JUGA TOLOL
1,Makin ke sini makin jelek. Vidio live liga 1 ngebleng ga ad gambarnya.
1,"Redeem Vidio reward di fantasy team susah amat, dari dua Minggu yang lalu selalu sistem sedang diperbaharui terus, ngga selesaiÂ²."
1,"Pihak vidio, kenapa untuk bein sport di tidak bisa di putar ya? Layar langsung blank"
1,akhir2_ini klo nonton bola selalu tersendat2_kyk ga ada sinyal padahal kouta bnyak n pake wifi jg di rmh..jadi ga lancar tayangan live nya..tolong di perbaiki lg.jadi ga nikmat nonton bola nya.saya ksih 2 dl bintangnya
1,Baru juga masuk udah beli paket eee malah log out sendiri anjir
1,Mau berlanganan aja susah nya minta ampun saldo udah kepotong tapi masih blm aktif
1,Aku cari film cinta anak sholeh tp gk ada kalo di aplikasi sebelah ada tp video nya gk lengkap jdi aku cari aplikasi lain trs nemu aplikasi ini tp sayang nya gk ada cinta anak sholeh aku download aplikasi ini cuma mau liat cinta anak sholeh dongan gk ada yg lain cuma itu yg aku cri tp gk ada tp semua film ada ko aku kasih bintang 2 dulu yh trimakasih (salam dari Jawa Tengah) ğŸ™ğŸ™
2,PIDIO JERMAN KKK. .
2,Semua pada koment jelek ğŸ˜‚ğŸ˜‚
2,Setelah di perbarui.. Jadi mengecewakan..
2,"Gak stabil, aplikasi berat banget, kaya server gak kuat, kalo banyak yg nonton bersamaan"
2,Terdapat banyak masalah Padahal sudah berlangaganan. Tapi tidak bisa nonton. Untuk apa bayar cuma-cuma
2,Paket terdaftar malah tidak ada padahal udah d bayar
2,Jelek banget kenapa gak bisa bhay lewat pulsa telkomsel selalu pulsa tidak cukup padahal pulsa sudah banyak
2,jelek
2,Saya udh beli paket premium ko g bisa nonton film yang premium ya ah gjls banget
2,Bintang menurun dikarnakan semua pegam banyak yg di banned..3 PP gw pun di banned semua jelasin permasalahanya.
2,"Saya ingin langganan,,tp lewat Web..pembayaran mau paki ovo atau transfer gak bisa..harus lewat debit/ kartu kredit..pilihan pembayaran lain nya uda tdk bisa,,Apa gak bahaya?? Atau bisa2 tiap bulan lgsg main potong,,dan data2 kartu kredit atau atm apa aman??..."
2,Lodingnya lama..perlu perbaikan ..
2,"Saya pakai ini di smart tv, tapi tdk semua tv nasional ada disini"
2,Baru juga bayar ko di suruh bayar lagi sih
2,"Tolong dong berbaiki paket premier saya ga bisa di gunain, baru juga beli satu hari udah gabisa di pake. Rugi dong saya beli paket sebulan baru satu hari ga bisa di gunain"
2,Kebanyakan iklan
2,"Kenapa banyak konten yang premium... Jadi ngga bisa, loading lama"
2,544t434
2,Loading ooom....sering berhenti perbaiki dooong ooomğŸ˜‚ğŸ™
2,"Bayar nya mahal tapi nonton lag banget padahal sinyal bagus, coba perbaikin lagi biar penonton merasa puas"
2,Ga bisa berlangganan pake pulsa payah!!!
2,Ga guna mo nonton harus member dulu....payah hapus aja lah....percuma di download juga
2,Dua bintang dulu
2,Liat review nya bru ngeh trnyta bkan aq aja yg kcewa krena ska loading
2,Tolong flim2 nya lebih lengkap lg. Seperti Disney Hotstar...
2,Aplikasi tidak ada perbaikan dalam sistem sudah berlangganan nonton film eror teurs
2,kumpulan vidio bokef
2,Lelet
2,Pp
2,Kurang subtitel teks bahasa Inggris nya.. Jadi mau belajar bahasa Inggris cari yang lain
2,"Hai kak , kita mau kasih info , saya sudah memakai jaringan WiFi indihome tetapi kenapa lemot yah? Dan juga kurangi iklan nya yah kak! , Kalo bisa iklan nya taro di akhir , karena itu menganggu banget kak. Makasih."
2,Kenapa sih pas download tertulis terjadi kesalahan saat mendownload. Sebelumnya ngga. Padahal mau nonton sambil offline biar ngga keganggu
2,Washtup.terhapus
2,"Sudah berbayar, malah gak bisa juga paket nonton Indonesianya, error' terus. Gak jelas nih aplikasi"
2,Lemot Apk nya
2,Tida ada
2,"Tolong beri kenyamanan pada penonton ,karna jujur aku terganggu sama iklan nya"
2,Sangat disayangkan jika nonton liga satu sekarang harus berbayar
2,Kadang kadang berhenti sendiri
2,"Astaghfirullah, nih aplikasi orang kaya apa gimana sih ?, Sampai sampai nonton ulangan timnas Indonesia aja di duitin ? Padahal aplikasi yg lain aja gak bayar gratis.... Hadeuh..."
2,"Kenapa mekanisme pembayaran ribet,tdk ada tranfer antar bank..."
2,"Siarannya liga Inggris buruk sekali , putus2...kita udah langganan mahal2..., Masih bagusan mola dulu"
2,"Duh ga jelas sy beli paket platinum mobile dr telkomser, tp cuma kepake beberapa hari selebihnya gabisa nonton bola percuma deh. Terlalu banyak S&K."
2,"Buat dv,bahwa ada eror pada saat memutar vidio baru dan tibaÂ² selalu kembali ke halaman utama,itu berulangÂ² kali terjadi ,ya walapun hbs itu bisa,segitu aja info dari saya,mohon di perbaiki !?."
2,"Pengen kembali ke acara awal kenapa ngak bisa setelah aku klik acara anak2 , mohon bantuanya"
2,"Animenya kurang lengkap contoh pokemon season nya ga lengkap masak cuman ada 3 season 17,18,19 itu doank harus nnya kan ada 1, 2 dan seterusnya kasih donk biar kutambahin bintangnya"
2,Susah masuknya
2,Vidio bagaimana sih di update palah kacau udah paketan tetap aj gak bisa muter 2 sampah
2,Lagu e
2,"Streaming nya seru sih, Aku Harap Boys Planet tayang di Video!! Acara favoritku"
2,No nto n.vidio More
2,rcti ga muncul
2,Semoga semakin cepat dan mudah/ jangan banyak iklan ya
2,Kasi dulu tiga deh alnya baru nyoba
2,"Kenapa kok saya ga bisa daftar langganan, padahal saldo saya cukup"
2,kurang lengkap filmny
2,"Semoga gak sering ngebug lagi kalo dipake nonton series, bisa ditambah fitur hapus daftar dan riwayat tontonan biar efisien klo mau nonton lagi. Semoga lebih ramah kuota."
2,Knpa ga ada horor indoneaia
2,Semua seri tv kurang kengkap
2,mantap tapi live citra drama kok cenel nya hilang belum muncul 2 juga nih
2,"Channel Tv di tambah lagi, seperti Tv digital..kalo banyak saya tambah bintangnya.."
2,Mulai jelek jaringan nya gak lancar
2,g ada rcti ny
2,Knp net. Ko ga bisa kbuka
3,Sudah di update aplikasi video tapi kenapa kalo lagi live streaming sekarang jadi lemot
3,Loading nya lama
3,Sistem langganannya gimana ya ? Apa setiap 1 Tah otomatis berhenti sendiri ? Ko blm ada 1 tahun udah harus langganan lagi. Pdahal ngga ngerasa berhenti berlangganan juga.
3,"menurut saya sudah lumayan bagus ,tp ada masalah ketika penayangan vidio nya ada iklan adegan 20+ ,kasihan kalo ada anak kecil yg lihat ,tolong di ganti iklan nya ya.."
3,"Bagus apkny ,tpi iklan nya panjang banget sampai 30 menit dan biasanya 2x lipat .mohon dikurangin iklannya ya kakğŸ™"
3,Lumayan oke tp tagihan satu bulan kadang sampek 2 kali sampek geram pulsa ilang
3,"ini gimana sih cara aktifin berlangganan premiernya , saya gagal mulu padahal pulsa saya ada 34.000 tapi gagal terus tulisannya pulsa anda tidak cukup , sementara saya pilih yg 30 hari harganya+ppn 32.000 pulsa saya 34.000 tapi gagal mulu"
3,bgss aja klo gaa bayar
3,"Tolong dong diperbaiki server nya, buffering mulu ahir ahir ini, udah bayar mahal tiap bulan nya,"
3,"Bagus, terimakasih"
3,"Versi terbaru malah jadi buruk, gak bisa nonton film, play nya tdk jalan (seperti pause), film nya knp gk bs yg baru2 dan box office sih?"
3,Bagus si tpi iklan ny bnyk poll tolonggg iklan nya di kurangi
3,"3 saja dulu,, buffering terus jadi g enak nontonnya"
3,ko patah patah terus ya pada saat pemutaran film atau strean suara tetap ada tapi record film malah mundur ke belakang tolong bantuannya dong:(
3,sudh tidak ada diskon pengguna baru
3,Kadang tampilan layarnya buram
3,Apl nya kurang memuaskan dikarenakan iklannya yang banyak
3,"Saat live tv,iklan adsnya tolong dkurangi...berulang2 gak pasti."
3,Bisa nonton tv on line
3,KOK SEKARANG LOADING NYA LAMAA PADAHAL SINYAL BAGUS . Ku coba di aplikasi lain juga lancarÂ² ajaaa .. mohon diperbaiki
3,Aplikasi spam iklan
3,Ngelag mulu padahal sinyal bagus
3,Tunggu y
3,cimta setelah cinta
3,Kenapa ya sekarang nonton di tv JD suka keluar sendiri aplikasi nya .. pdhl paketan aktif loh .. baru 5menit nonton lgsg keluar sendiri gitu ..
3,maaih banyak bug
3,V r
3,Sebenernya aplikasinya itu bagus tapi kayak fillm jalangkung pengabdi setan aja ga ada yg ku butuhin hanya itu film horor soalnya kalo horor paling penting si tolong di tambahin film nya ya kak kalo udh update nanti ku kasi bintang lima deh janji
3,Tampilin liga arab dong al nassr aja udah mau liat babang dodo
3,"Niat download buat nonton timnas, ternyata harus beli paket timnas dulu :). Mana tv rusak, liat di channel YouTube Indosiar enggak ada, pas liat channel yang lain malah php :). Btw itu cuma curhat."
3,Knp volumenya kadang keras sendiri ya
3,Kata nya sih movie ada di sini semua tapi di cari eh ada yg gk ada
3,Maksudnya kelebihan kuato pemain apa gimana
3,"mengatasi ini gmn sihh... nomer ini sudah digunakan, silahkan login melaui nomer hp"
3,Dpapo
3,"Film nya kurang seru,, sedikit... Buat film yang update terbaru donk admin ğŸ‘ğŸ‘.. trims"
3,Sudah ada tanggapan dr admin Vidio tp harus screenrecord klo lg live kan ga bisa screenrecord min
3,Ok
3,Bgs
3,Oke
3,"Aplikasi ini sudah bagus namun,iklannya mengganggu sekali"
3,"Aplikasinya bagus sih Tapi makan datanya banyak kli biasanya saya 5 gb 5 hari baru habis, ini 2 hari langsung ludes paket saya tolong dikurangilah makan paketnya"
3,"Pake Web enak nonton, pas pake aplikasinya malah filmnya yg tadi gak ketemu, khan BANGKE !!ğŸ™„ğŸ™„ Dah uninstall !! Pake Webnya ajağŸ™„ğŸ™„ğŸ™„"
3,"YAAMPUN PADAHAL APLIKASI NYA BAGUSS, TAPI SETIAP NONTON FILM ATAU SERIES SELALU NGE FREZZE CUMA SUARANYA DOANG ATAU NGGA LAYARNYA HITAM KE GANGGU BANGET, BUKAN CM SEKALI DUA KALI SERING BGTT APALAGI WAKTU ADEGAN YANG SERU TERUS NGE FREZZE KEK GANGGUUUUU. UDAH RISIH BANGET SUMPAH."
3,Lumayan lah
3,"Masukin kode voucher susah ga masuk masuk, aplikasinya ga kaya dulu sekarang ribet"
3,"gak bisa nonton tv show, kenapa harus paksa buat langganan sih baru bisa nonton tv showğŸ¤”"
3,Aplikasi nya kurang bagus saya kan udah berlangganan tapi gak bisa d pake
3,"Langganan trus d perpanjang, tapi tidak bis menonton konten premier"
3,"Bagus tapi,pilihan film masih sedikit,jadi kalo beli paket buat sebulan agak,rugi karena filmnya itu itu aja kurang uptudate"
3,Seru film nya tapi kalau yang berbayar gw kaga punya duit jadi ya ga jadi nonton
3,"Bagus,, tpi judul film nya kurang lengkap"
3,"Sudah sangat bagus aplikasinya, mungkin perlu sedikit perbaikan saat mau nonton history tontonan loadingnya lama. Saran tambahkan film ben 10 karena pasti akan ramai yg menonton"
3,B aja jangan talalu lebay
3,Lodingnya masih lama juga siaran olahraga ko hrus berlangganan jadi ribet.saran layar tv nya kalau bisa layar kecil dulu dong.biar yang lain gak ke pencet.mksh.
3,Ini knpa kita belikan paket lewat pulsa ngk bisa
3,"Oke cukup baik tapi tolong, saya masih berlangganan dan masih aktif tapi sudah harus beli kuota lagi dan coba beli lagi tapi gk bisa krn masih terdaftar sampe tgl 7 Maret 2023. Mohon di bantu..."
4,Tolong donk kak untuk film the king 2 heart knp ya gak bisa ditonton padahal udah episode 7 kemarin lihatx eh tiba2 gak bisa ditonton lagi.... Tolong ya kak cz ceritax seru bikin penasaranğŸ¤”ğŸ¤”ğŸ¤”ğŸ˜¥ğŸ˜¥ terima kasihğŸ™ğŸ™ğŸ™ğŸ™
4,Udah beli paket primier ko masih ada iklan dan masih gak bisa kebuka film nya .. Gimana dong ini ada yg salahkah
4,"Mohon dibantu admin,, saya sudah berlangganan paket video premiere platinum di Telkomsel tapi tetep ga bisa dibuka,, harus berlangganan lagi, maksudnya gimana ya? Padahal saya udah bayar pake pulsa,, tapi tetep tidak bisa buka,, mohon dibantu"
4,ğŸ™‚ğŸ˜
4,"Ø°Ùˆ Ø´Ø®Øµ. , nor would. ."
4,bagus
4,Mantap
4,Ok
4,Mantap
4,Mantul
4,Suskaaaa
4,Bagusss
4,baik
4,bagus
4,Pas nonton piala fa kenapa ya Putus2... Semoga nonton liga inggris sampai putus2 lagi Masalah device n internet saya bagus...
4,Aplikasi nya ok
4,"walau pun drama/flm nya bagus ,yg bikin kurang bagus iklan nya tolong dong durasi nya di percepat ... trus kenapa gk ada drama turki nya... biar lengkap..."
4,Qispsl
4,Kurang maksimal
4,Lumayan lah lebih bagus lagi ya program nya banyakin
4,Aplikasinya sangat bagus sekali mantab
4,mantapppppppp
4,Aplikasi yang cukup baik
4,Tolong bisa di unduh ke penyimpanan Eksternal dongğŸ™
4,Video sintetron harus ada subtitle English kak supaya kita juga bisa belajar sedikit dengan faham kata katanya sangat bermutu dan manfaat banget apa lagi episode yang banyak wajib ada subtitle English
4,Mantap
4,"Ampun iklannya!! Tolong dikondisikan, masa iya film remaja anak anak iklannya film dewasa. Mana muncul terus terusan."
4,ifos1s
4,Sip dah
4,Iklan ny banyak sekali
4,Ok
4,Saya kasih 4 dulu nanti klo dah baik bru bintang 5
4,Ok mantap
4,Apk ini sangat membantu sekali utk film favorit sya
4,Aqu kasih bintang 4 dulu klo cocok pasti aqu penuhi bintang nya.
4,Bagus
4,"Saya mau saran dong,, tambahin gtv di live nya dooongğŸ¥¹"
4,"Aplikasi cukup bagus, cuman kenapa akhir-akhir ini live epl saya mengalami framedrop"
4,"Selamat sore developed ğŸ™. Maaf hanya mengasih bintang 4 dulu karena aku rasa masih ada kekurangan dalam aplikasi ini. Yaitu tercantum nya akun, terkadang akunnya lepas dan harus login ulang pakai nomor, sering terjadi seperti ini. Dan terakhir vidio yang saya download selalu ke hapus sendiri. Tolong diperbaiki yak. Terimakasih banyak. ğŸ™"
4,Vidio baguss kok
4,Oke
4,"Seneng dengan apk ini karna memudahkan saya menonton sinetron kesayangan tanpa larut malam,,,"
4,Baik
4,apakah masih menyiarkan UEFA CHAMPIONS LEAGUE? kenapa tidak ada menu UCL di sport?
4,Sahgat menarik
4,"Tolong di perbanyak lagi film box office nya, terima kasih"
4,iklanya kurangin jngn bnyk'
4,"Suka banget sama drama koreanya, apalagi yang gratis gratis, tapi ada yang kecewa juga di saat saya nonton the king 2 heart sudah episode 10 dan ternyata kelanjutannya sudah tidak ada lagi dan sudah tidak ada di daftar nonton gratis, kecewa banget.. karena gak tau bagaimana kelanjutannya ğŸ™ğŸ»"
4,"Saya ada potongan langganan sebesar 32000 ,tapi pas di cek di aplikasi Vidio kok tidak berlangganan statusnya,,mohon dibantu"
4,Tayangan Rusian blue porno com
4,Aplikasinya sudah bagus cuman kalau boleh adain fitur hapus akun diandroid juga
4,C no of diblokir M M viiim
4,coba dulu
4,"sekarang vidio sudah mulai belajar memahami pelanggannya, sudah baguslah ttp terus ditingkatkan ya, jangan lipa buka link pengaduan bagaimana cara isi vocer langganan ya. Sy sdh beli tp lupa cara memasukkan"
4,bagus
4,Gabisa 1080p
4,S@s#sa#aassssss
4,"Lumayan lah aplikasinya, pribadi hanya nonton pertandingan pro liga voli saja, karena channel tv moji sinyal jelek di Kabupaten domisili saya."
4,"Cuma loadingnya lama aja,lainnya oke oke aja"
4,"sinyal lancar garis empat, kuota penuh, pas nonton liga inggris buffering mulu amit2...abis lama2 kuota buat buffering jangan2... edit : lunayan sekarang udah jarang force close & minim bgt buffering apalagi pas big match ğŸ‘"
5,bvby yybhhhyhbyhby y hbyyyhnhuyyyyhyyyyyyyyy yy ybynhhyyhyyyhnyyyhh thyyhynyynyyyynyyyyyuyhyyh yyyhnyyyhnyhhyyyyhnh y yhynhyy yyhyhnynhnh h hy ynyy hy hnhhyyyh nhhnynyyyyynnyyy y yhnh yhnynyy yyhy hnhhnyynyynyhyh yh hnyyyhhyyyyyhyy hnynyynyyhhyyhuyh yuh hnhnyynyh hyhnyhyyhyynyynyuyyhyhyhyyyyyyuyynynhhhy nyyyhyyyhy yy yyyyyyhhnh hnyhy hyyyyyhhhhhyhyhnynh yhhnyynyyyy yhh yyh yhhnhyyh hnnhnhnyyhnyn hnhnhnbyyyyhhhyhnyhhnhhhh nhyhhh nhnh
5,Apakah
5,Min kok vidio akhirÂ² ini jaringannya loading melulu
5,Saya kasih bintang 4 karena di dunia gak ada yg sempurna
5,"ga ada mnc grup, ga ada tv daerah, ga ada cnn, cnbc. Tapi kalo suka nonton Pildun, Liga Indonesia, Inggris sma Eropa ini worth it."
5,Lumayan ğŸ‘ ğŸŒŸ ğŸŒŸ ğŸŒŸ ğŸŒŸ
5,Berita dan olah raga
5,2 e3 ! /8-6 0 %
5,Aplikasi gk ke buka min
5,IKLAN
5,Lumayan
5,"Apk bagus kualitas luar biasa cuman sayang sering kali ujuk"" keluar ketika pake layar full"
5,good
5,Menghibur
5,ğŸ‘ğŸ’»
5,Good bgtğŸ‘ğŸ‘
5,seru berasa nonton TV asli dan yang paling seru ada iklanya jadi menurut aku APK paling bagus untuk nonton video dan video seru lagi terimakasih banyak untuk yang membuat APK ini asalamualaikun ğŸ™ğŸ™ğŸ™
5,Godd ğŸ˜â˜
5,Bagus banget
5,Oke dahhh
5,Bagus ini bisa membantun Saya melihat Bola
5,Sangat puas.
5,Ini bagus dan enak untuk di tonton
5,Ftv nya dong di perbarui SCTV nya yang 2023
5,Sangat bagus
5,Cucok bgt dh
5,"Apk yang bagus, yang gue cari cari"
5,Cukup menghibur
5,Senang..banyak film2 indo yg seru2
5,Top
5,Bagus sekali
5,Bagus dan hemat
5,Bagus sekali
5,Apl baguss banget sama kaya tv
5,Assalammualaikum Aplikasi Ini Bagus Sekali Bisa Nonton Apa Aja Dan tidak Bayar macam Disney
5,Vidio tolong dong layar hpnya tuh bisa di scren miror pliss
5,Bagus aplikasinya
5,gokil moga gk eror sering tidak mnsnggapi kluar2 mulu hadeh?!
5,Mencoba ğŸ™
5,Mantap
5,Bagus
5,Mantap
5,Semua film yang ada di aplikasi ini apakah bisa ditonton secara gratis? Atau sebagian lainnya berbayar?
5,Sulit kita untuk berkerja kalau perut lagi kosong. Letak kan Hp mu. Makan lah sesuatu.
5,Baru mo coba ...
5,Is the terbaik
5,Sangat bagus
5,Sangat suka bisa nonton film kesayangan
5,Apk ini sangat membantu saya untuk menonton nya teman teman karena tv sekarang sudah tidak seperti duku lagi
5,Kok iklannya ituÂ² Mulu gdaa yg lain???
5,Ok
5,EPL joss
5,Mantap
5,jos
5,tidak dapat di download
5,Kasihan anak yatim
5,"Bisa nonton live di handphone, keren."
5,Good
5,Aman
5,Lumayan bagus
5,Apk jelassğŸ‘
5,pokoknya ada semua yang saya suka
5,mantapğŸ¤—
5,udah lancar
5,Halo kak semangat ya update nya semoga Brp tahun kemudian aplikasi ini akan bagus
5,Good
5,mantap
5,Be the best
5,Apk nya bagus bgt
5,ğŸ‘
5,Ok
5,Ok lah.ğŸ‘
5,Ok
5,Mantapp
5,Nice
5,sangat membantu ğŸ‘ğŸ‘
5,"Bagusss,untuk film Radha KrishnağŸ–¤"
5,Good
5,Mk
5,jos
5,Good
5,Banyak serial original buatan mereka sendiri dan itu Indonesia.
5,Apa hdburvhu
5,Ok
5,A+
5,"Aplikasih ya sangat bagus ,dan siaran ya juga jerni"
5,Vidio sports movie
5,Dowloud lagi..aplkasinya...
5,Oke
5,sangat istimewaaa
5,Oke
5,Ok
5,Hiburan yg menakjubkan
5,Seru mood gua balik anjir
5,mantab
5,Semua siaran BRI liga 1 di buka mantap kopinya
5,Ah ah ah ah
5,MantulğŸ‘ğŸ‘ğŸ‘
5,Sangat bagus
5,Mantap
5,Tolong lah sediakan paket 1 pertandingan BRI liga1
5,aplikasi sgt bagus ğŸ‘ğŸ‘ğŸ‘
5,Mantap
5,Ok
5,Keren
5,Aplikasi ini sangat bagus untuk nonton Vidio
5,Ok
5,Bisa lihat siaran langsung asyiikk...
5,Mencoba
5,Tayangkan Radha Krishna epesode lengkap lah
5,RiFQIdua AQIL 2023
5,Best pokoknyaa
5,Mantap
5,Keren
5,ğŸ‘Œ OK
5,Ok banget dah
5,Filembuf
5,Saya bagi 5 bintang ğŸŒŸ sebab saya tak boleh cakap macam orang lain
5,Bgus
5,di bantu
5,Ok
5,Sangat bagus
5,ğŸ‘ŒğŸ‘ŒğŸ‘ŒğŸ’¯ğŸ’¯
5,Bgusss bngiittt
5,Good job ğŸ‘
5,Mantap
5,DRiA
5,ok
5,ğŸ‘ŒğŸ‘ŒğŸ‘ŒğŸ‘ŒğŸ‘ŒğŸ‘ŒğŸ‘Œ
5,Sayang kalo live liga BRI ko telat sama live di tv indosiar
5,Film nya update keren vidio
5,"Mohon next updet, reward poin video fantasy di tambahin lagi lah min masa cuma 4k. Hehehe"
5,"Coba kalo gratiss pastil enak mau nonton bola juga,cuma yang punya apknya terlalu PELIT!!"
5,ğŸ˜šğŸ˜ŠğŸ˜ŠğŸ˜ŠğŸ˜ŠğŸ˜ŠğŸ˜ŠğŸ˜ŠğŸ˜ŠğŸ˜ŠğŸ˜ŠğŸ˜ŠğŸ˜ŠğŸ˜ŠğŸ˜ŠğŸ˜ŠğŸ˜ŠğŸ˜ŠğŸ˜ŠğŸ˜ŠğŸ˜ŠğŸ˜ŠğŸ˜ŠğŸ˜ŠğŸ˜ŠğŸ˜ŠğŸ˜ŠğŸ˜ŠğŸ˜ŠğŸ˜ŠğŸ˜‹ğŸ˜‹ğŸ˜‹ğŸ˜‹ğŸ˜‹ğŸ˜‹ğŸ˜‹ğŸ˜‹ğŸ˜‹ğŸ˜‹ğŸ˜‹ğŸ˜‹ğŸ˜‹ğŸ˜‹ğŸ˜‹ğŸ˜‹ğŸ˜‹ğŸ˜‹ğŸ˜‹ğŸ˜ŠğŸ˜‹ğŸ˜‹ğŸ˜‹ğŸ˜‹ğŸ˜‹ğŸ˜‹
5,Sangat menarik dan sangat menyenangkan
5,bisa dengerin musik
5,Di perbagus lgi biar enggak kecewa
5,Good..ğŸ‘
5,Hanya EPL&liga Champions saja?liga2 lain seperti liga spanyol/jerman/prancis/italia gak ada ya?
5,Saya suka sekali
5,Gg
5,Tara arawkum
5,Good ğŸ‘ğŸ‘
5,Bagussss
5,Ok bgt jos gandos
5,Cukup / lengkap
5,Imbuh mantan pacar. udah h. udah di jalan pulang dulu yaa
5,Topppppp
5,Appilkasi the best
5,Baru donlot
5,Bagus
5,Oksi
5,RUSIA
5,"Bagus banget aplikasi nya masbro, enak banget biasanya kalo ada waktu nonton ini"
5,ini baru Vidio yang andal.
5,Wow
5,Bagus banget
5,Bagus cmn susah untuk daftarnya
5,"Bagus film2nya,dan terbaru"
5,suka liat proliga dna epl
5,ok
5,Mantul
5,"Terima kasih untuk pembaharuan update terbaru. Sudah bisa nonton Premier League lagi, kemarin sempat error."
5,Keren
5,Top
5,Vidio keren oke banget saya bisah nonton cenel tv indonesia keren deh oke banget ğŸ˜ğŸ˜ğŸ˜ğŸ˜ğŸ˜
5,Aplikasimya sangat bagus prefek Poko nya ayok buruan donglot
5,Kalou bisa jangan banyak iklan nya hihi
5,Good
5,Aku suka dengan apk ny walaupun susah di cari film film yg seru tapi semua seru kok aku lebih memilih ganteng ganteng serigala terimakasih sudah membuat apk ini semoga ad lagi yg kasih bintang 5 ya ğŸ¤­
5,Oke
5,sippp
5,Bguss pntk
5,Baguss
5,saya baru download n mudah2n bagus juga lancar tayangan nya... Aaamiiin..
5,Nice
5,Sangat baguss
5,Vilm apapun ada. Manataps... saya suka sekali
5,"Ok siip sekarang, semoga lebih baik kedepan nya.."
5,Baik lengkap semua ada.
5,Mantap
5,Video stream
5,Terbaik
5,Aplikasi ini emang bagus sekali nonton apa saja emang terbaik ğŸ‘ğŸ»
5,AKU.PERNa.kerja.kemana.saja.keluar.dara.di.pabrik.sepatu.bata.
5,Mantaaaap
5,Game nya sih udah bagus tapi kualitas nya itu lohhh tolong di perbaiki pasifnya supaya klo nendang bola gak patah patah ''fajar sadboy''
5,Ga bisa buka kenapa ya
5,"Dengan ada nya aplkasi vidio ini , sya bisa nonton drma korea kesukaan sya"
5,Bagus
5,Tv sinyal tidak bagus
5,Koq sekarang pembayaran via virtual BCA dan PULSA TELKOMSEL tidak bisa ???
5,"Assalamualaikum Wahromatullahi, Wabarokatu, Maaf Hampura Mengganggu Waktu Nya Sebentar Saja Aplikasih Ini Terhibur Aku The Best Of Vidio Sports, Movies, Series tapi ga lengkap glombang tv nya Terimakasih Banyak Developer Sekian Dan Terimakasih Banyak Sekali Lagi Assalamualaikum Wahromatullahi, Wabarokatu,"
5,Aplikasinya bagus banget
5,Oke
5,Inih aku suka
5,Bagus
5,bagus
5,Apk ini sangat menarik dan sangat banyak video menarik keren pokoknya kern deh ayo gass download sekarang di playstore dan v-Appstore sekarang ayo download ğŸ˜ğŸ˜€ğŸ˜ƒğŸ‘ğŸ‘ŒğŸ¤.
5,Ok
5,Mantap
5,Alone
5,Nice
5,ğŸ™†ğŸ™†ğŸ™†
5,Good..
5,Seriesnya bagus bagus
5,"tolong perbanyak drama dan film korea, aku suka nontonnya, makasih vidio"
5,Love it
5,Guud
5,Secara film nya bagus2. Tambahin lagi dong. Film2 nya....
5,Bagus sekali
5,Mantap
5,Aplikasi Vidio Sekarang acaranya kenapa banyak yg kepotong potong
5,Bagus sih bsa liat bola liga 1.. Kirain aktipin paket pas streming gak pake data. Tetep aja pake data kalo streming bola huh licik...
5,Bagus
5,good
5,Jvivv
5,Mantap
5,Kualitas live sports tolong ditingkatkan terutama live epl.
5,"Kasian vidio banyak yang ngasih bintang 1 padahal segitu lancarnya, saya berlangganan juga tapi belum pernah ada gangguan. Pokoknya vidio mantap ğŸ‘ğŸ˜ğŸ‘"
5,Sanggat bagus dan puas nonton vidio
5,Bagus
5,Great
5,Suka loading...suka loading..suka loading...kesel.kesel..tolong perbaiki
5,"itu yang prostes soal loading apalah ,perasaan ngga hp lu pada kali jelek apa SC/wifi lu pada lemot ,segini mah bagus"
5,Mantap
5,Ko ngk bs
5,Ok lah
5,Good
5,Alus
5,Sae bos mantep aku suka
5,Aku suka dengan aplikasi ini
5,"Gokil adminya ramah banget responnya cepet lagi, pertahanin ya min"
5,Sangat baik
5,Yuli anasarita
5,Bagus banget ğŸ‘ terimakasih yang buat aplikasi aku jadi gak telat nonton vidio bola
5,ğŸ‘ŒğŸ¼
5,Terimakasih atas tersedianya aplikasi ini .
5,Bagus
5,Sangat baik
5,Semangat
5,Bagus
5,Good App ğŸ‘ğŸ»ğŸ¤ğŸ»
5,"bagus, paket premium habis gak bisa menonton episode nya lama sekali tayangnya. rugi waktu"
5,baik
5,VIDIO
5,"Sslllllllmwslz.leelÃŸÃŸÃŸÃŸÃŸÃŸÃŸÃŸÃŸzzzÃŸzzzzw zsozzw Wzezlzsll.wzzzzzz Eovk,nppÃŸÃŸÃŸÃŸÅ¡ÃŸÃŸÃŸÃŸÃŸÃŸzÅ¡zÃŸslÃŸÅ¡olkÃŸÃŸzÃŸÃŸzÃŸÅ¡ÃŸseoÃŸÃŸÃŸslÃŸsooooÃŸÃŸÃŸÃŸ"
5,Sangat memuaskan
5,Waktu nonton terus harus ada paket pembelian jadi gak lanjut2 vidoenya jdi kesel nontonnya juga
5,Oke
5,M;
5,Bagus dan keren
5,Riski Dwi
5,Ok
5,Bagus banget aplikasinya
5,Sangatlah bagus dan penting dalam kehidupan sehari-hari agar mengetahui semua media seluruh dunia
5,Syukaa
5,Suka banget sama aplikasi nya
5,Bagussss
5,Bagus
5,bGus bgt wajib dwnd
5,Mantap
5,BagusssğŸ‘
5,Like it videos
5,Sering update terbaru
5,"Harga bersahabat, nonton liga berkualitas dgn tayangan yg jg berkualitas. Mantaplah !!"
5,Xxxii
5,"Murah, Tapi memang kurang lengkap sih untuk film Hollywood nya"
5,Nice
5,good
5,"""Udah bayar 65rb tp paket gk aktif, padahal udah ada notif email paket sudah aktif"" *EDIT: Setelah komplain, CS nya garcep dan paket pun aktif* ğŸ‘"
5,sangat senang dengan aplikasi ini jadi aku kasih bintang 5
5,Proses pembelian paket lambat
5,ENJOY
5,Aplikasi nya sangat bagus.dan sangat membantu.bisa nonton bola langsung
5,Bagus
5,",ev"
5,Bagus
5,Bagus banget bisa nonton fira sama film favorit yg sudah gk ada
5,"Apa ini, cuman bisa nonton tayangan live Indosiar sama sctv doang,kalo siaran lain loading terus,sama kalo nonton vidio yang lain itu lemot banget gak bisa di putar,padahal sinyal di sini bagus,kuota ada kok kaya gini,jangan bikin saya nyesel dong udah download aplikasinya eh,,,gak bisa ke pake,cuma nyampah !! Tolong dong saya mau nonton filmya sridevi di pintu berkah soalnya saya ngefens banget tapi gak bisa di putar gimana sih !!"
5,Bagus
5,"Gratis ya kk,aku gk main facebook lgi aku mau fokus berobat sering'' jga aku nonton vidio soalx suka nonton ftv sctv kkğŸ™‚okeh"
5,mantap
5,Bagus
5,Wahhhhhh aplikasi nya bagusss bgtttt aku sukaaaaa
5,Sya cuma bisa berkata tingkat kn kualitas yg terjelek nie sya kasih bintang 5 untuk meningkat kn ny biar puas kalian
5,Mantap
5,gjakamma
5,Aplikasinya Sangat Bagus
5,Ok
5,zidane
5,good
5,Oke
5,Bagus seperti yang diharapkan ...susah login
5,Sangat memuaskan sekali
5,Bole sih
5,"parah sih,gara gara digital susah bgt nonton bola."
5,Ini bagusnya
5,keren bgt nih apk! Series nya keren-keren tapi syng banyak ending yang gantung semoga ada s2 nya! Ditunggu juga vidio bikin vidio Originals movie (film2 yg dibioskop) ditunggu juga proyek bareng md Entertainment ğŸ˜‰
5,Good app
5,Efffd
5,Bagus banget aplikasinyaa
5,Sya bisa Nonton apa apa yg penting baik
5,Oke
5,Bagus bngt sangat membantu bisa nontn segala macam olahraga
5,Mantap nih ğŸ˜ğŸ˜ğŸ˜˜ğŸ˜˜ğŸ˜˜ğŸ˜˜ğŸ‡µğŸ‡¹ğŸ‡µğŸ‡¹ğŸ‡µğŸ‡¹ğŸ‡µğŸ‡¹ğŸ™‹
5,Mantep
5,aplikasi bagus
5,Lari
5,"Paket platinum naik,yg tadinya 29k jadi 39... Berhubung ada diskon paket diamond dapat potongan harga 50ribu,,,cukup bayar 32k,,,jadi saya kasih 5* ."
5,Bagus coki
5,Yg lbh penting pemerintah harus lbh aktif dan lbh di tingkat kan kouta BPJS atau sktm yg tdk terkaper oleh BPJS.memperhatikan program kesehatan gratis buat masyarakat yg tdk mampu. .
5,Terima kasih
5,Terbaik
5,Good
5,"Banyak pilihan tontonan, tapi tolong dong untuk drama mandarinnya di tambah yang terbaru seperti falling into your smile atau yang lainnya... Terimakasih"
5,nonton bola
5,good apk
5,kalo bukan karna takdir cinta mungkin gak download ini hehe.. pelepas rindu klo gak bisa nontong langsung jd bisa nonton siaran ulang nya love Vidio sukses
5,"Bagus, cuma beberapa film luar negeri belum ada subtitle"
5,Jos
5,Makasi banyakk buat yang buat aplikasi ini berkat aplikasi ini gw bisa nonton ggs lagii
5,"Ini aku udah pake selama 1 tahunan itu ga sama sekali bad ga ada masalah sama sekali,kenapa banyak banget orang yang bilang apk Vidio tu sering bad,tapi engga sama sekali,ya kali itu tergantung hp masing masing,and hp aku Oppo ga bad sama sekali,so stop saying this video apk is often bad"
5,bagus banyak tampilan vidio yang bagussss dan seru lagi! !!!!!!!
5,Bagus nih.
5,Bagus
5,"Hallo Admin Video. Minta tolong supaya dibuatkan seperti yang terdahulu, didalam Aplikasi Video ada tertera/tertulis langsung cara pembayaran melalui potongan pulsa Telkomsel. (Cara pembayaran di Aplikasi Video terdapat tulisan : saldo ovo.... Kartu kredit.... pulsa Telkomsel.... pulsa XL..... google play....dll.). Jadi kita pelanggan merasa terbantui tinggal klik pulsa Telkomsel langsung jadi berlangganan. Mohon bantuannya Admin video. ğŸ™ğŸ™. Terima Kasih"
5,wow aplikasinya sangat baguss
5,oke
5,Thebest
5,ğŸ—¿
5,Keren
5,Ok
5,Sangat baik
5,Mantap lah pokok nya
5,"Penerimaan Sinyal & Gambar baik. Kenapa RCTI, MNCTV tidak ada ?"
5,Sangat bagus
5,Ok
5,simple dan jernih gambrnya. Awalnya pada saat word cup.. Sy Pelanggan Diamond EPL. Pengen nonton Live Liga2 keren Eropa ..tp apa gak pernah bisa...muter2...heran sy Kenapa ya koq bisa gitu Kalau Liga Domestik ok..ğŸ‘ğŸ‡®ğŸ‡©ğŸŒ Tolong Admin Vidio di perhatikan..Terima Kasih Sukses Selalu..ğŸ‘ğŸŒ
